{"cameraMode":{"drawMode":0,"name":"Shaded","section":"Shading Mode"},"sceneLighting":true,"audioPlay":false,"sceneViewState":{"m_AlwaysRefresh":false,"showFog":true,"showSkybox":true,"showFlares":true,"showImageEffects":true,"showParticleSystems":true,"showVisualEffectGraphs":true,"m_FxEnabled":true},"in2DMode":false,"pivot":{"x":-8.126062393188477,"y":-2.028886079788208,"z":10.505255699157715},"rotation":{"x":-0.3246362805366516,"y":0.001970179844647646,"z":-0.0007227878086268902,"w":-0.9458920955657959},"size":8.90046501159668,"orthographic":false}