{"cameraMode":{"drawMode":0,"name":"Shaded","section":"Shading Mode"},"sceneLighting":true,"audioPlay":false,"sceneViewState":{"m_AlwaysRefresh":false,"showFog":true,"showSkybox":true,"showFlares":true,"showImageEffects":true,"showParticleSystems":true,"showVisualEffectGraphs":true,"m_FxEnabled":true},"in2DMode":false,"pivot":{"x":-10.742683410644532,"y":-25.81856918334961,"z":44.22311782836914},"rotation":{"x":-0.29484206438064577,"y":0.03041957877576351,"z":-0.010316437110304833,"w":-0.9552231431007385},"size":29.969545364379884,"orthographic":false}